ID do Anúncio,Título do Produto,Preço (R$),Estoque Disponível,Status,Condição,Link
MLB5893783736,Conjunto Fitness Feminino Top Short Cintura Alta,71.91,2,active,new,https://produto.mercadolivre.com.br/MLB-5893783736-conjunto-fitness-feminino-top-short-cintura-alta-_JM
MLB5948139608,Macaquinho Fitness Power Motion,99.9,6,active,new,https://produto.mercadolivre.com.br/MLB-5948139608-macaquinho-fitness-power-motion-_JM
MLB5948019842,Conjunto Fitness Feminino Shape Flex,71.91,6,active,new,https://produto.mercadolivre.com.br/MLB-5948019842-conjunto-fitness-feminino-shape-flex-_JM
MLB4322234597,Macaquinho Academia Feminino Fitness Curto Com Zíper,89.9,0,paused,new,https://produto.mercadolivre.com.br/MLB-4322234597-macaquinho-academia-feminino-fitness-curto-com-ziper-_JM
MLB6008204288,Conjunto Fitness Canelado Power Top Cruzado + Legging Capri,75.65,6,active,new,https://produto.mercadolivre.com.br/MLB-6008204288-conjunto-fitness-canelado-power-top-cruzado-legging-capri-_JM
MLB6008170618,Conjunto Fitness One Shoulder - Top + Short Canelado,99.9,4,active,new,https://produto.mercadolivre.com.br/MLB-6008170618-conjunto-fitness-one-shoulder-top-short-canelado-_JM
MLB6007174680,Kit 3 Leggings Power Shape,72.16,11,active,new,https://produto.mercadolivre.com.br/MLB-6007174680-kit-3-leggings-power-shape-_JM
MLB6006743178,Conjunto Fitness Canelado - Top Nadador + Legging Capri,99.9,2,active,new,https://produto.mercadolivre.com.br/MLB-6006743178-conjunto-fitness-canelado-top-nadador-legging-capri-_JM
MLB6006672558,Conjunto Fitness Academia Top + Legging Bi Color,71.91,3,active,new,https://produto.mercadolivre.com.br/MLB-6006672558-conjunto-fitness-academia-top-legging-bi-color-_JM
MLB6006090498,Macacão Esportivo Feminino Premium,99.9,3,active,new,https://produto.mercadolivre.com.br/MLB-6006090498-macaco-esportivo-feminino-premium-_JM
MLB4345941533,Conjunto Fitness Degradê Rosa Preto Cintura Alta,67.91,3,active,new,https://produto.mercadolivre.com.br/MLB-4345941533-conjunto-fitness-degrad-rosa-preto-cintura-alta-_JM
MLB4345561203,Macaquinho Ultrashape Slim,89.9,4,active,new,https://produto.mercadolivre.com.br/MLB-4345561203-macaquinho-ultrashape-slim-_JM
MLB4345555457,Macaquinho Saia-short Fitness Feminino Preto Lisa G,79.9,0,paused,new,https://produto.mercadolivre.com.br/MLB-4345555457-macaquinho-saia-short-fitness-feminino-preto-lisa-g-_JM
MLB6011104462,Conjunto Fitness Energy Fit,99.9,4,active,new,https://produto.mercadolivre.com.br/MLB-6011104462-conjunto-fitness-energy-fit-_JM
MLB4347440759,Conjunto Academia Feminino Canelado Cintura Alta Power Shape,99.9,6,active,new,https://produto.mercadolivre.com.br/MLB-4347440759-conjunto-academia-feminino-canelado-cintura-alta-power-shape-_JM
MLB4347373625,Conjunto Fitness Academia Ombre Power,51.35,3,active,new,https://produto.mercadolivre.com.br/MLB-4347373625-conjunto-fitness-academia-ombre-power-_JM
MLB6163727106,Conjunto Fitness Feminino Tie Dye Academia Top + Short,80.91,6,active,new,https://produto.mercadolivre.com.br/MLB-6163727106-conjunto-fitness-feminino-tie-dye-academia-top-short-_JM
MLB6163485396,Conjunto Fitness Marmorizado Power Fit - Top + Legging,71.09,7,active,new,https://produto.mercadolivre.com.br/MLB-6163485396-conjunto-fitness-marmorizado-power-fit-top-legging-_JM
MLB4417874361,Conjunto Fitness Academia Short E Top Poliamida,99.0,5,active,new,https://produto.mercadolivre.com.br/MLB-4417874361-conjunto-fitness-academia-short-e-top-poliamida-_JM
MLB4612879071,Conjunto Academia Estampado Rosa Feminino Short + Top Rosa Estampado P,71.91,1,active,new,https://produto.mercadolivre.com.br/MLB-4612879071-conjunto-academia-estampado-rosa-feminino-short-top-rosa-estampado-p-_JM
